Datetime,Water Level (m)
2025-06-27 18:00:00,1.2138668
2025-06-27 19:00:00,0.84537
2025-06-27 20:00:00,0.2825933
2025-06-27 21:00:00,-0.3577943
2025-06-27 22:00:00,-0.77197576
2025-06-27 23:00:00,-0.9681348
2025-06-28 00:00:00,-0.95281833
2025-06-28 01:00:00,-0.55748665
2025-06-28 02:00:00,-0.030309197
2025-06-28 03:00:00,0.6899808
2025-06-28 04:00:00,1.2702564
2025-06-28 05:00:00,1.6033287
2025-06-28 06:00:00,1.643648
2025-06-28 07:00:00,1.361111
2025-06-28 08:00:00,0.8121032
2025-06-28 09:00:00,0.17932329
2025-06-28 10:00:00,-0.3997617
2025-06-28 11:00:00,-0.7607811
2025-06-28 12:00:00,-0.8767082
2025-06-28 13:00:00,-0.8039445
2025-06-28 14:00:00,-0.4997824
2025-06-28 15:00:00,0.03817172
2025-06-28 16:00:00,0.633859
2025-06-28 17:00:00,1.0048817
2025-06-28 18:00:00,1.1270295
2025-06-28 19:00:00,0.9924002
2025-06-28 20:00:00,0.6016877
2025-06-28 21:00:00,0.049122006
2025-06-28 22:00:00,-0.46974614
2025-06-28 23:00:00,-0.765691
2025-06-29 00:00:00,-0.8975252
2025-06-29 01:00:00,-0.81311065
2025-06-29 02:00:00,-0.45793813
2025-06-29 03:00:00,0.12438151
2025-06-29 04:00:00,0.7911701
2025-06-29 05:00:00,1.2653961
2025-06-29 06:00:00,1.5015665
2025-06-29 07:00:00,1.4533843
2025-06-29 08:00:00,1.1219021
2025-06-29 09:00:00,0.55791324
2025-06-29 10:00:00,-0.03081953
2025-06-29 11:00:00,-0.5128115
2025-06-29 12:00:00,-0.75306666
2025-06-29 13:00:00,-0.79301864
2025-06-29 14:00:00,-0.6106499
2025-06-29 15:00:00,-0.20638852
2025-06-29 16:00:00,0.3771301
2025-06-29 17:00:00,0.86937356
2025-06-29 18:00:00,1.0823467
2025-06-29 19:00:00,1.0996386
2025-06-29 20:00:00,0.9032428
2025-06-29 21:00:00,0.48818704
2025-06-29 22:00:00,-0.0038262068
2025-06-29 23:00:00,-0.40768147
2025-06-30 00:00:00,-0.6019044
2025-06-30 01:00:00,-0.65960383
2025-06-30 02:00:00,-0.51387095
2025-06-30 03:00:00,-0.1341969
2025-06-30 04:00:00,0.43509063
2025-06-30 05:00:00,0.9682967
2025-06-30 06:00:00,1.3271338
2025-06-30 07:00:00,1.4298292
2025-06-30 08:00:00,1.2908934
2025-06-30 09:00:00,0.9037787
2025-06-30 10:00:00,0.37783456
2025-06-30 11:00:00,-0.13234368
2025-06-30 12:00:00,-0.51389223
2025-06-30 13:00:00,-0.6560096
2025-06-30 14:00:00,-0.6536707
2025-06-30 15:00:00,-0.44967374
2025-06-30 16:00:00,-0.027717007
2025-06-30 17:00:00,0.5099928
2025-06-30 18:00:00,0.8767987
2025-06-30 19:00:00,1.0390811
2025-06-30 20:00:00,1.0291562
2025-06-30 21:00:00,0.78187937
2025-06-30 22:00:00,0.36964026
2025-06-30 23:00:00,-0.031311773
2025-07-01 00:00:00,-0.33469236
2025-07-01 01:00:00,-0.48322147
2025-07-01 02:00:00,-0.47371802
2025-07-01 03:00:00,-0.2652874
2025-07-01 04:00:00,0.13459872
2025-07-01 05:00:00,0.6456855
2025-07-01 06:00:00,1.057676
2025-07-01 07:00:00,1.2903975
2025-07-01 08:00:00,1.294398
2025-07-01 09:00:00,1.0819107
2025-07-01 10:00:00,0.69217974
2025-07-01 11:00:00,0.24123557
2025-07-01 12:00:00,-0.16475926
2025-07-01 13:00:00,-0.41896436
2025-07-01 14:00:00,-0.50675416
2025-07-01 15:00:00,-0.44249764
2025-07-01 16:00:00,-0.1785309
2025-07-01 17:00:00,0.23614274
2025-07-01 18:00:00,0.6563034
2025-07-01 19:00:00,0.9264078
2025-07-01 20:00:00,1.0296564
2025-07-01 21:00:00,0.9656718
2025-07-01 22:00:00,0.7174765
2025-07-01 23:00:00,0.35845786
2025-07-02 00:00:00,0.022213588
2025-07-02 01:00:00,-0.22280192
2025-07-02 02:00:00,-0.30866575
2025-07-02 03:00:00,-0.2553343
2025-07-02 04:00:00,-0.028999751
2025-07-02 05:00:00,0.3508873
2025-07-02 06:00:00,0.7702369
2025-07-02 07:00:00,1.075727
2025-07-02 08:00:00,1.1981375
2025-07-02 09:00:00,1.1444781
2025-07-02 10:00:00,0.9069965
2025-07-02 11:00:00,0.53818196
2025-07-02 12:00:00,0.15017909
2025-07-02 13:00:00,-0.16484827
2025-07-02 14:00:00,-0.33901444
2025-07-02 15:00:00,-0.38565043
2025-07-02 16:00:00,-0.2832878
2025-07-02 17:00:00,-0.008148911
2025-07-02 18:00:00,0.3717886
2025-07-02 19:00:00,0.72115844
2025-07-02 20:00:00,0.9208456
2025-07-02 21:00:00,0.9935125
2025-07-02 22:00:00,0.9242531
2025-07-02 23:00:00,0.6861457
2025-07-03 00:00:00,0.39786613
2025-07-03 01:00:00,0.1486232
2025-07-03 02:00:00,-0.05963183
2025-07-03 03:00:00,-0.09489716
2025-07-03 04:00:00,-0.021863814
2025-07-03 05:00:00,0.15857786
2025-07-03 06:00:00,0.505578
2025-07-03 07:00:00,0.8348113
2025-07-03 08:00:00,1.0465162
2025-07-03 09:00:00,1.1134782
2025-07-03 10:00:00,1.0335929
2025-07-03 11:00:00,0.7934711
2025-07-03 12:00:00,0.4682544
2025-07-03 13:00:00,0.1635077
2025-07-03 14:00:00,-0.10576058
2025-07-03 15:00:00,-0.22020452
2025-07-03 16:00:00,-0.24435686
2025-07-03 17:00:00,-0.123640284
2025-07-03 18:00:00,0.1280476
